vin,create_time,start_lat,start_lon,end_lat,end_lon
HLX14B177R0003484,2025-05-29 00:24:59.517,31.24581,121.32512916666668,31.198279,121.385059
HLX14B177R0003484,2025-05-29 05:21:49.053,31.200801944444443,121.38543694444444,31.170989474429952,121.40839532017704
HLX14B177R0003484,2025-05-31 01:04:04.709,31.171419166666663,121.40812611111112,31.200354785241064,121.38554424047469
HLX14B177R0003484,2025-05-31 03:21:03.728,31.197851944444444,121.38445305555555,31.192614,121.317994
HLX14B177R0003484,2025-05-31 06:01:47.838,31.19291305555555,121.31830611111111,31.200354785241064,121.38554424047469
HLX14B177R0003484,2025-05-31 07:15:41.397,31.200778888888888,121.38544694444444,31.161674884969983,121.46623849868774
HLX14B177R0003484,2025-05-31 08:01:53.039,31.19758055555555,121.38661444444443,31.161189,121.465465
HLX14B177R0003484,2025-05-31 08:46:52.394,31.16059138888889,121.46268777777776,31.200354785241064,121.38554424047469
HLX14B177R0003484,2025-05-31 08:50:56.725,31.159267777777774,121.45161722222224,31.161189,121.465465
HLX14B177R0003484,2025-05-31 13:46:14.720,31.161446666666667,121.46501333333332,31.193744,121.403114
HLX14B177R0003484,2025-05-31 14:14:24.141,31.19388111111111,121.40323388888888,31.207141,121.431065
HLX14B177R0003484,2025-05-31 14:29:31.983,31.207441111111113,121.43113722222222,31.243627,121.325915
HLX14B177R0003484,2025-05-31 23:52:34.543,31.242441666666668,121.3238863888889,31.207141,121.431065
HLX14B177R0003484,2025-06-01 00:27:00.081,31.207216944444443,121.43090805555556,31.198279,121.385059
HLX14B177R0003484,2025-06-01 01:15:36.938,31.196720833333337,121.38384583333334,31.207557,121.431109
HLX14B177R0003484,2025-06-01 01:29:13.759,31.207216944444443,121.43090805555556,31.198279,121.385059
HLX14B177R0003484,2025-06-01 03:10:32.545,31.197005,121.3847775,31.200354785241064,121.38554424047469
HLX14B177R0003484,2025-06-01 04:09:34.900,31.19621638888889,121.38318222222222,31.200354785241064,121.38554424047469
HLX14B177R0003484,2025-06-01 05:05:45.871,31.186625555555555,121.378105,31.200354785241064,121.38554424047469
HLX14B177R0003484,2025-06-01 05:16:31.568,31.200792777777774,121.38544,31.220646,121.477823
HLX14B177R0003484,2025-06-01 05:17:07.724,31.200792777777774,121.38544,31.220999,121.479269
HLX14B177R0003484,2025-06-01 07:55:23.972,31.220364166666663,121.47808111111112,31.200354785241064,121.38554424047469
HLX14B177R0003484,2025-06-01 08:36:29.742,31.20079861111111,121.38544027777778,31.176652,121.371473
HLX14B177R0003484,2025-06-01 09:15:46.604,31.20079861111111,121.38544027777778,31.176652,121.371473
HLX14B177R0003484,2025-06-01 10:10:01.410,31.20079861111111,121.38544027777778,31.176652,121.371473
HLX14B177R0003484,2025-06-01 12:10:02.932,31.17696611111111,121.3712061111111,31.193744,121.403114
HLX14B177R0003484,2025-06-01 12:36:50.475,31.19385777777778,121.40332,31.207141,121.431065
HLX14B177R0003484,2025-06-01 12:51:34.214,31.207320555555555,121.43110194444444,31.243627,121.325915
HLX14B177R0003484,2025-06-02 01:03:33.492,31.246618333333338,121.32632305555556,31.2076,121.430957
HLX14B177R0003484,2025-06-02 02:02:58.957,31.207343055555555,121.43120583333334,31.240416,121.488421
HLX14B177R0003484,2025-06-02 03:46:45.186,31.24025388888889,121.48821805555556,31.193573,121.320737
HLX14B177R0003484,2025-06-02 05:06:15.599,31.192161111111112,121.31884472222222,31.243627,121.325915
HLX14B177R0003484,2025-06-02 10:56:27.510,31.244876666666663,121.32383583333332,31.200354785241064,121.38554424047469
HLX14B177R0003484,2025-06-02 11:33:57.459,31.200784722222224,121.38544888888887,31.193744,121.403114
HLX14B177R0003484,2025-06-02 12:19:41.659,31.200784722222224,121.38544888888887,31.193744,121.403114
HLX14B177R0003484,2025-06-02 12:40:38.141,31.193937777777776,121.40302444444444,31.258771,121.344862
HLX14B177R0003484,2025-06-02 12:49:50.153,31.198375833333333,121.39278722222222,31.258771,121.344862
HLX14B177R0003484,2025-06-03 00:16:54.036,31.247038611111112,121.32723722222222,31.200354785241064,121.38554424047469
HLX14B177R0003484,2025-06-03 01:32:30.034,31.200778888888888,121.3854411111111,31.170989474429952,121.40839532017704
HLX14B177R0003484,2025-06-03 08:16:50.338,31.170711944444445,121.40845888888887,31.200354785241064,121.38554424047469
HLX14B177R0003484,2025-06-03 11:47:29.286,31.197560833333338,121.3844961111111,31.243627,121.325915
HLX14B177R0003484,2025-06-04 00:18:20.950,31.245548333333332,121.32474305555556,31.200354785241064,121.38554424047469
HLX14B177R0003484,2025-06-04 01:26:24.205,31.200795,121.38544,31.190636,121.438482
HLX14B177R0003484,2025-06-04 02:47:07.288,31.204048888888888,121.41209138888888,31.19213754652682,121.43895506858829
HLX14B177R0003484,2025-06-04 03:07:02.348,31.190326111111112,121.43803888888888,31.200354785241064,121.38554424047469
HLX14B177R0003484,2025-06-04 05:38:28.267,31.200794722222223,121.38543805555555,31.170989474429952,121.40839532017704
HLX14B177R0003484,2025-06-04 08:27:29.699,31.170706111111112,121.408455,31.200354785241064,121.38554424047469
HLX14B177R0003484,2025-06-04 09:18:34.543,31.170706111111112,121.408455,31.249382,121.50819
HLX14B177R0003484,2025-06-04 09:41:22.609,31.170706111111112,121.408455,31.200354785241064,121.38554424047469
HLX14B177R0003484,2025-06-04 10:07:10.251,31.200810833333332,121.38544305555556,31.249382,121.50819
HLX14B177R0003484,2025-06-04 12:32:05.431,31.24966,121.507575,31.200354785241064,121.38554424047469
HLX14B177R0003484,2025-06-04 15:45:09.461,31.2007425,121.38544194444444,31.243627,121.325915
HLX14B177R0003484,2025-06-05 01:09:52.138,31.245089166666663,121.3240775,31.170989474429952,121.40839532017704
HLX14B177R0003484,2025-06-05 04:29:48.978,31.17118138888889,121.4096625,31.200354785241064,121.38554424047469
HLX14B177R0003484,2025-06-05 05:00:16.449,31.20080111111111,121.38544694444444,31.170989474429952,121.40839532017704
HLX14B177R0003484,2025-06-05 09:56:30.719,31.17070888888889,121.40844888888888,31.200354785241064,121.38554424047469
HLX14B177R0003484,2025-06-05 11:32:05.362,31.200722222222225,121.38547,31.243627,121.325915
HLX14B177R0003484,2025-06-06 00:19:19.396,31.245965277777778,121.3253561111111,31.200354785241064,121.38554424047469
HLX14B177R0003484,2025-06-06 01:08:39.615,31.20077611111111,121.3854525,31.170989474429952,121.40839532017704
HLX14B177R0003484,2025-06-06 03:59:23.359,31.170706111111112,121.40845,31.200354785241064,121.38554424047469
HLX14B177R0003484,2025-06-06 11:10:47.524,31.19767111111111,121.38446944444443,31.200354785241064,121.38554424047469
HLX14B177R0003484,2025-06-07 08:25:10.542,31.200796666666665,121.38544388888889,31.218841,121.424703
HLX14B177R0003484,2025-06-07 10:31:01.297,31.218881666666668,121.42218166666666,31.218841,121.424703
HLX14B177R0003484,2025-06-07 11:20:52.564,31.218655,121.42471194444444,31.200354785241064,121.38554424047469
HLX14B177R0003484,2025-06-07 14:52:49.862,31.200769722222223,121.38545527777778,31.243627,121.325915
HLX14B177R0003484,2025-06-08 00:12:28.659,31.2462475,121.32577222222224,31.198287,121.385048
HLX14B177R0003484,2025-06-08 00:59:41.376,31.19772,121.38458194444443,31.200354785241064,121.38554424047469
HLX14B177R0003484,2025-06-08 03:07:11.495,31.19749388888889,121.38478638888888,31.200354785241064,121.38554424047469
HLX14B177R0003484,2025-06-08 04:11:44.914,31.196014444444444,121.38267277777778,31.200354785241064,121.38554424047469
HLX14B177R0003484,2025-06-08 04:19:19.918,31.200798333333335,121.38544333333331,31.243627,121.325915
HLX14B177R0003484,2025-06-08 08:37:09.397,31.24501861111111,121.32397472222222,31.24583781527532,121.4470325410366
HLX14B177R0003484,2025-06-08 09:36:57.998,31.245945,121.44706611111113,31.200354785241064,121.38554424047469
HLX14B177R0003484,2025-06-08 11:22:09.633,31.200798055555556,121.38544333333331,31.22407557606657,121.4379358291626
HLX14B177R0003484,2025-06-08 11:47:28.033,31.200798055555556,121.38544333333331,31.224075,121.437937
HLX14B177R0003484,2025-06-08 12:09:38.758,31.223180555555555,121.43612972222222,31.243627,121.325915
HLX14B177R0003484,2025-06-09 00:23:28.478,31.2441975,121.322615,31.200354785241064,121.38554424047469
HLX14B177R0003484,2025-06-09 01:34:03.540,31.200788888888887,121.38544722222224,31.170989474429952,121.40839532017704
HLX14B177R0003484,2025-06-09 07:30:13.089,31.17123861111111,121.4081586111111,31.200354785241064,121.38554424047469
HLX14B177R0003484,2025-06-09 10:16:09.708,31.202963333333333,121.38278,31.243627,121.325915
HLX14B177R0003484,2025-06-10 00:48:44.515,31.224076944444445,121.38694527777778,31.200354785241064,121.38554424047469
HLX14B177R0003484,2025-06-10 01:17:18.155,31.200798055555556,121.38553694444444,31.170989474429952,121.40839532017704
HLX14B177R0003484,2025-06-10 03:06:33.370,31.17116972222222,121.40816444444444,31.200354785241064,121.38554424047469
HLX14B177R0003484,2025-06-10 11:15:46.196,31.197668055555557,121.38446388888887,31.243627,121.325915
HLX14B177R0003484,2025-06-11 00:13:01.680,31.244671944444445,121.32336194444444,31.200354785241064,121.38554424047469
HLX14B177R0003484,2025-06-11 01:32:29.857,31.200800833333332,121.38543694444444,31.170989474429952,121.40839532017704
HLX14B177R0003484,2025-06-11 04:18:04.532,31.17174027777778,121.40920027777776,31.200354785241064,121.38554424047469
HLX14B177R0003484,2025-06-11 04:41:48.602,31.19826305555555,121.38759277777778,31.170989474429952,121.40839532017704
HLX14B177R0003484,2025-06-11 08:08:02.660,31.17525611111111,121.40906805555557,31.200354785241064,121.38554424047469
HLX14B177R0003484,2025-06-11 09:27:34.073,31.200822777777777,121.38543,31.201498,121.42835
HLX14B177R0003484,2025-06-11 11:20:02.636,31.207387222222223,121.4312136111111,31.201498,121.42835
HLX14B177R0003484,2025-06-11 14:55:30.195,31.201441944444444,121.42807194444444,31.200354785241064,121.38554424047469
HLX14B177R0003484,2025-06-11 16:53:41.688,31.20077388888889,121.38545333333332,31.243627,121.325915
HLX14B177R0003484,2025-06-12 00:45:08.871,31.24524694444445,121.32430555555555,31.198287,121.385048
HLX14B177R0003484,2025-06-12 05:15:55.976,31.20064444444445,121.3854375,31.170989474429952,121.40839532017704
HLX14B177R0003484,2025-06-12 10:55:53.229,31.170706111111112,121.40845305555555,31.200354785241064,121.38554424047469
HLX14B177R0003484,2025-06-12 11:10:17.913,31.179269444444444,121.40819416666666,31.170989474429952,121.40839532017704
HLX14B177R0003484,2025-06-12 11:21:24.388,31.172991111111113,121.40921861111111,31.200354785241064,121.38554424047469
HLX14B177R0003484,2025-06-12 11:34:33.363,31.20077611111111,121.3854525,31.243627,121.325915
HLX14B177R0003484,2025-06-13 00:12:41.320,31.244078333333334,121.32200861111112,31.200354785241064,121.38554424047469
HLX14B177R0003484,2025-06-13 01:04:16.496,31.200813888888888,121.38543222222222,31.170989474429952,121.40839532017704
HLX14B177R0003484,2025-06-13 04:23:58.912,31.17070111111111,121.40844805555555,31.200354785241064,121.38554424047469
HLX14B177R0003484,2025-06-13 05:40:54.968,31.200813611111112,121.38543305555557,31.170989,121.408396
HLX14B177R0003484,2025-06-13 07:58:31.759,31.170693055555557,121.4084511111111,31.213226,119.672752
HLX14B177R0003484,2025-06-13 12:35:53.088,31.214713333333332,119.6701586111111,31.223847,119.677937
HLX14B177R0003484,2025-06-14 00:54:30.018,31.223313333333333,119.67803777777776,31.213226,119.672752
HLX14B177R0003484,2025-06-14 02:33:43.849,31.215838333333338,119.66775222222222,31.269586,119.627566
HLX14B177R0003484,2025-06-14 02:35:53.713,31.2205625,119.6602375,31.223847,119.677937
HLX14B177R0003484,2025-06-14 04:45:23.608,31.212319166666667,119.67265916666666,31.427775,119.795232
HLX14B177R0003484,2025-06-14 06:05:16.315,31.428993055555555,119.79229611111111,31.447594,119.751599
HLX14B177R0003484,2025-06-14 06:56:52.067,31.447869444444443,119.7557425,31.357942,119.843813
HLX14B177R0003484,2025-06-14 07:23:58.973,31.358801944444444,119.84209861111113,31.447678,119.752869
HLX14B177R0003484,2025-06-14 09:04:39.439,31.447708055555555,119.75262277777776,31.311698,119.813519
HLX14B177R0003484,2025-06-14 09:07:10.524,31.4477075,119.75261027777778,31.200354785241064,121.38554424047469
HLX14B177R0003484,2025-06-14 11:16:08.455,31.16185,121.32124388888889,31.174979,121.363863
HLX14B177R0003484,2025-06-14 11:17:29.175,31.163660833333335,121.33141222222224,31.200354785241064,121.38554424047469
HLX14B177R0003484,2025-06-14 11:29:58.891,31.19839805555555,121.38747,31.174979,121.363862
HLX14B177R0003484,2025-06-14 12:05:13.958,31.175196666666668,121.36396527777778,31.243627,121.325915
HLX14B177R0003484,2025-06-15 00:06:55.947,31.24575611111111,121.3250911111111,31.200354785241064,121.38554424047469
HLX14B177R0003484,2025-06-15 01:44:57.791,31.19749138888889,121.38471944444444,31.193743652361324,121.40311405062673
HLX14B177R0003484,2025-06-15 02:06:48.136,31.193983055555556,121.40284611111112,31.198287,121.385048
HLX14B177R0003484,2025-06-15 06:23:11.812,31.20078611111111,121.38552388888888,31.22708,121.496944
HLX14B177R0003484,2025-06-15 08:41:34.659,31.227328888888888,121.49772,31.200354785241064,121.38554424047469
HLX14B177R0003484,2025-06-15 09:17:58.494,31.200420833333332,121.38527305555556,31.161431,121.401738
HLX14B177R0003484,2025-06-15 11:07:06.609,31.170738888888888,121.40825,31.200354785241064,121.38554424047469
HLX14B177R0003484,2025-06-15 11:39:37.816,31.200791666666667,121.38543805555555,31.22407557606657,121.4379358291626
HLX14B177R0003484,2025-06-15 12:32:41.370,31.223149166666666,121.43607333333334,31.200354785241064,121.38554424047469
HLX14B177R0003484,2025-06-15 12:49:49.994,31.198574166666667,121.38632222222222,31.259619,121.343558
HLX14B177R0003484,2025-06-16 00:03:51.415,31.244087222222223,121.3220625,31.200354785241064,121.38554424047469
HLX14B177R0003484,2025-06-16 01:15:29.689,31.200810833333332,121.38544611111112,31.170989474429952,121.40839532017704
HLX14B177R0003484,2025-06-16 04:50:07.064,31.1711625,121.4095425,31.200354785241064,121.38554424047469
HLX14B177R0003484,2025-06-16 05:16:55.568,31.200820833333335,121.38542916666668,31.170989474429952,121.40839532017704
HLX14B177R0003484,2025-06-16 10:47:37.664,31.170703055555556,121.40846,31.243627,121.325915
HLX14B177R0003484,2025-06-17 00:17:14.839,31.246447777777774,121.32606777777778,31.200354785241064,121.38554424047469
HLX14B177R0003484,2025-06-17 00:57:58.004,31.200806944444444,121.385435,31.170989474429952,121.40839532017704
HLX14B177R0003484,2025-06-17 03:52:05.914,31.17071,121.40844888888888,31.200354785241064,121.38554424047469
HLX14B177R0003484,2025-06-17 05:22:33.549,31.189635,121.38611277777778,31.170989474429952,121.40839532017704
HLX14B177R0003484,2025-06-17 08:21:21.046,31.171345,121.41002916666666,31.200354785241064,121.38554424047469
HLX14B177R0003484,2025-06-17 08:23:28.152,31.17533472222222,121.40905333333332,31.198287,121.385048
HLX14B177R0003484,2025-06-17 10:40:42.934,31.19771194444445,121.38448194444445,31.200354785241064,121.38554424047469
HLX14B177R0003484,2025-06-17 11:18:42.617,31.2005925,121.385435,31.170989474429952,121.40839532017704
HLX14B177R0003484,2025-06-17 11:36:48.935,31.1707575,121.40821722222222,31.243627,121.325915
HLX14B177R0003484,2025-06-18 00:23:49.198,31.244086944444444,121.32205472222222,31.200354785241064,121.38554424047469
HLX14B177R0003484,2025-06-18 01:26:03.976,31.200778055555556,121.38545166666668,31.150308,121.566554
HLX14B177R0003484,2025-06-18 03:16:38.234,31.150063888888887,121.5665688888889,31.200354785241064,121.38554424047469
HLX14B177R0003484,2025-06-18 03:56:42.782,31.185424444444443,121.39302083333334,31.170989474429952,121.40839532017704
HLX14B177R0003484,2025-06-18 06:00:54.943,31.17146138888889,121.40929333333334,31.200354785241064,121.38554424047469
HLX14B177R0003484,2025-06-18 06:17:50.887,31.200795833333338,121.38543916666669,31.170989474429952,121.40839532017704
HLX14B177R0003484,2025-06-18 09:46:15.240,31.170698055555555,121.40844888888888,31.200354785241064,121.38554424047469
HLX14B177R0003484,2025-06-18 10:06:05.585,31.170698055555555,121.40844888888888,31.201729035278124,121.42984226346016
HLX14B177R0003484,2025-06-18 10:25:17.444,31.170698055555555,121.40844888888888,31.201729035278124,121.42984226346016
HLX14B177R0003484,2025-06-18 10:32:29.951,31.170698055555555,121.40844888888888,31.201729035278124,121.42984226346016
HLX14B177R0003484,2025-06-18 13:23:26.244,31.20014611111111,121.42465111111112,31.201729035278124,121.42984226346016
HLX14B177R0003484,2025-06-18 13:32:15.637,31.2016375,121.42999805555556,31.200354785241064,121.38554424047469
HLX14B177R0003484,2025-06-18 13:47:53.408,31.200766666666667,121.38545638888888,31.243627,121.325915
HLX14B177R0003484,2025-06-19 00:26:54.775,31.24365111111111,121.32403666666669,31.200354785241064,121.38554424047469
HLX14B177R0003484,2025-06-19 05:20:23.772,31.200791944444443,121.3854411111111,31.170989474429952,121.40839532017704
HLX14B177R0003484,2025-06-19 08:09:06.840,31.170716111111112,121.40846805555556,31.164301698801943,121.38944417238233
HLX14B177R0003484,2025-06-19 09:22:10.752,31.16435611111111,121.38968111111112,31.124198,121.422407
HLX14B177R0003484,2025-06-19 09:35:08.811,31.16435611111111,121.38968111111112,31.200354785241064,121.38554424047469
HLX14B177R0003484,2025-06-19 09:57:31.879,31.200779722222222,121.38544805555556,31.164302,121.389444
HLX14B177R0003484,2025-06-19 10:35:55.374,31.165121944444444,121.3894763888889,31.124198,121.422407
HLX14B177R0003484,2025-06-19 12:55:27.279,31.12374,121.42261805555556,31.200354785241064,121.38554424047469
HLX14B177R0003484,2025-06-19 13:50:53.869,31.200779166666667,121.38545111111112,31.243627,121.325915
HLX14B177R0003484,2025-06-20 00:22:40.841,31.244105277777777,121.32199472222224,31.200354785241064,121.38554424047469
HLX14B177R0003484,2025-06-20 00:59:09.773,31.200790277777777,121.38544666666668,31.170989474429952,121.40839532017704
HLX14B177R0003484,2025-06-20 01:56:57.955,31.17106666666667,121.40791472222222,31.23651,121.447438
HLX14B177R0003484,2025-06-20 02:25:39.369,31.235818333333334,121.44515805555557,31.23651,121.447438
HLX14B177R0003484,2025-06-20 03:17:39.844,31.23744138888889,121.44730416666668,31.200354785241064,121.38554424047469
HLX14B177R0003484,2025-06-20 04:43:31.902,31.236289166666666,121.447555,31.200354785241064,121.38554424047469
HLX14B177R0003484,2025-06-20 04:58:16.150,31.20861888888889,121.41867333333332,31.190732,121.389293
HLX14B177R0003484,2025-06-20 05:07:47.942,31.19049555555555,121.388875,31.200354785241064,121.38554424047469
HLX14B177R0003484,2025-06-20 05:28:49.823,31.200807222222224,121.38543583333332,31.170989474429952,121.40839532017704
HLX14B177R0003484,2025-06-20 10:54:06.010,31.17162555555555,121.40845861111112,31.200354785241064,121.38554424047469
HLX14B177R0003484,2025-06-20 11:17:47.145,31.201129722222223,121.3853061111111,31.243627,121.325915
HLX14B177R0003484,2025-06-21 00:57:08.136,31.24461861111111,121.32337833333334,31.198287,121.385048
HLX14B177R0003484,2025-06-21 01:38:14.082,31.200806944444444,121.3854361111111,31.08638,121.393926
HLX14B177R0003484,2025-06-21 03:38:50.621,31.086873055555557,121.39412694444444,31.200354785241064,121.38554424047469
HLX14B177R0003484,2025-06-21 04:13:07.160,31.087153333333333,121.39393361111112,31.21743513436124,121.47527754306792
HLX14B177R0003484,2025-06-21 04:13:57.131,31.0874625,121.39449861111112,31.222447,121.472062
HLX14B177R0003484,2025-06-21 06:33:30.361,31.222966111111113,121.47193222222222,31.218872,121.475733
HLX14B177R0003484,2025-06-21 06:39:08.394,31.21856805555555,121.47544472222222,31.200354785241064,121.38554424047469
HLX14B177R0003484,2025-06-21 06:45:12.792,31.218605555555555,121.47561194444444,31.201283,121.46724
HLX14B177R0003484,2025-06-21 06:56:00.309,31.20095277777778,121.46700583333332,31.200354785241064,121.38554424047469
HLX14B177R0003484,2025-06-21 07:45:30.088,31.197488611111112,121.38460333333332,31.243627,121.325915
HLX14B177R0003484,2025-06-22 00:06:18.560,31.244934166666667,121.32384777777776,31.198287,121.385048
HLX14B177R0003484,2025-06-22 04:29:42.316,31.196958055555555,121.38437694444444,31.243627,121.325915
HLX14B177R0003484,2025-06-22 05:08:15.495,31.244203055555555,121.32262833333333,31.198287,121.385048
HLX14B177R0003484,2025-06-22 05:42:28.354,31.196593888888888,121.38363138888889,31.170989474429952,121.40839532017704
HLX14B177R0003484,2025-06-22 06:10:42.108,31.170952222222223,121.40819583333334,31.202939,121.482876
HLX14B177R0003484,2025-06-22 06:48:18.555,31.200811666666667,121.4829236111111,31.170989474429952,121.40839532017704
HLX14B177R0003484,2025-06-22 10:41:51.826,31.171211666666668,121.4081825,31.19175,121.384901
HLX14B177R0003484,2025-06-22 11:38:53.194,31.2007925,121.3854411111111,31.223957,121.438315
HLX14B177R0003484,2025-06-22 12:30:40.876,31.223226666666665,121.43620833333334,31.200354785241064,121.38554424047469
HLX14B177R0003484,2025-06-22 12:48:58.330,31.20047138888889,121.3855761111111,31.258771,121.344862
HLX14B177R0003484,2025-06-23 00:23:32.307,31.24478,121.32362027777778,31.200354785241064,121.38554424047469
HLX14B177R0003484,2025-06-23 01:23:57.254,31.200849722222223,121.38570111111112,31.170989474429952,121.40839532017704
HLX14B177R0003484,2025-06-23 04:06:57.448,31.170858055555556,121.40817666666666,31.200354785241064,121.38554424047469
HLX14B177R0003484,2025-06-23 05:04:01.799,31.200801944444443,121.38543805555555,31.170989474429952,121.40839532017704
HLX14B177R0003484,2025-06-23 07:29:39.493,31.171633611111112,121.40844916666668,31.200354785241064,121.38554424047469
HLX14B177R0003484,2025-06-23 08:01:25.894,31.20065472222222,121.385445,31.219683,121.395265
HLX14B177R0003484,2025-06-23 09:14:39.704,31.22015111111111,121.39556694444444,31.200354785241064,121.38554424047469
HLX14B177R0003484,2025-06-23 11:09:42.873,31.19749138888889,121.38454861111111,31.200354785241064,121.38554424047469
HLX14B177R0003484,2025-06-23 11:21:51.119,31.190302222222225,121.36783055555556,31.258771,121.344862
HLX14B177R0003484,2025-06-24 00:17:32.420,31.245587222222223,121.32507888888888,31.200354785241064,121.38554424047469
HLX14B177R0003484,2025-06-24 01:23:08.294,31.20078138888889,121.38545027777778,31.170989474429952,121.40839532017704
HLX14B177R0003484,2025-06-24 04:01:43.745,31.170711944444445,121.40847,31.200354785241064,121.38554424047469
HLX14B177R0003484,2025-06-24 11:10:35.311,31.19750722222222,121.38453416666668,31.243627,121.325915
HLX14B177R0003484,2025-06-25 00:25:40.104,31.244184444444443,121.32258277777778,31.200354785241064,121.38554424047469
HLX14B177R0003484,2025-06-25 01:25:00.971,31.200774444444445,121.38545333333332,31.224423,121.433199
HLX14B177R0003484,2025-06-25 01:53:10.886,31.200774444444445,121.38545333333332,31.170989474429952,121.40839532017704
HLX14B177R0003484,2025-06-25 04:19:59.701,31.170734166666666,121.40834694444445,31.200354785241064,121.38554424047469
HLX14B177R0003484,2025-06-25 06:26:32.294,31.19749138888889,121.38454861111111,31.200354785241064,121.38554424047469
HLX14B177R0003484,2025-06-25 06:30:08.603,31.197581944444444,121.38661972222222,31.170989474429952,121.40839532017704
HLX14B177R0003484,2025-06-25 09:22:25.357,31.17134638888889,121.40815083333334,31.200354785241064,121.38554424047469
HLX14B177R0003484,2025-06-25 09:47:34.041,31.200764166666666,121.38545083333334,31.220176,121.39584
HLX14B177R0003484,2025-06-25 11:04:36.117,31.21979027777778,121.39055611111112,31.200354785241064,121.38554424047469
HLX14B177R0003484,2025-06-25 11:19:27.005,31.200776666666663,121.38545222222224,31.177709,121.385798
HLX14B177R0003484,2025-06-25 11:34:10.928,31.178535277777776,121.38521027777776,31.243627,121.325915
HLX14B177R0003484,2025-06-25 11:34:48.740,31.18061416666667,121.38440138888888,31.243627,121.325915
HLX14B177R0003484,2025-06-26 00:34:28.088,31.2451,121.32409333333334,31.200354785241064,121.38554424047469
HLX14B177R0003484,2025-06-26 05:11:20.724,31.200800833333332,121.38543722222222,31.170989474429952,121.40839532017704
HLX14B177R0003484,2025-06-26 09:53:06.985,31.17071,121.40846194444444,31.200354785241064,121.38554424047469
HLX14B177R0003484,2025-06-26 10:34:39.503,31.200797777777776,121.38543805555555,31.174979,121.363862
HLX14B177R0003484,2025-06-26 10:56:11.986,31.17506388888889,121.36399583333332,31.243627,121.325915
HLX14B177R0003484,2025-06-27 00:26:00.572,31.244093888888887,121.32207888888888,31.200354785241064,121.38554424047469
HLX14B177R0003484,2025-06-27 01:22:10.198,31.200789166666667,121.38544694444444,31.170989474429952,121.40839532017704
HLX14B177R0003484,2025-06-27 04:42:22.859,31.170705,121.40844694444444,31.200354785241064,121.38554424047469
HLX14B177R0003484,2025-06-27 04:47:35.064,31.172783333333335,121.40894361111113,31.209086,121.370278
HLX14B177R0003484,2025-06-27 06:10:40.410,31.20827166666667,121.3703375,31.170989474429952,121.40839532017704
HLX14B177R0003484,2025-06-27 09:34:11.105,31.17070194444445,121.40844611111112,31.198287,121.385048
HLX14B177R0003484,2025-06-27 10:23:08.892,31.17070194444445,121.40844611111112,31.200354785241064,121.38554424047469
HLX14B177R0003484,2025-06-27 10:37:06.017,31.171637222222223,121.40864277777776,31.200354785241064,121.38554424047469
HLX14B177R0003484,2025-06-29 04:05:23.266,31.19757361111111,121.38449305555557,31.200354785241064,121.38554424047469
HLX14B177R0003484,2025-06-29 04:14:29.337,31.2007925,121.38544027777778,31.188273,121.394861
HLX14B177R0003484,2025-06-29 04:29:05.885,31.1882725,121.39514,31.181432,121.392503
HLX14B177R0003484,2025-06-29 05:11:55.090,31.181686388888888,121.39357,31.188273,121.394861
HLX14B177R0003484,2025-06-29 06:28:20.900,31.188311944444443,121.3951725,31.175458,121.400353
HLX14B177R0003484,2025-06-29 06:31:43.565,31.18761111111111,121.39506722222222,31.200354785241064,121.38554424047469
HLX14B177R0003484,2025-06-29 06:48:13.858,31.200728333333338,121.3854725,31.175458,121.400353
HLX14B177R0003484,2025-06-29 07:53:41.580,31.17549888888889,121.40116666666668,31.200354785241064,121.38554424047469
HLX14B177R0003484,2025-06-29 11:13:26.863,31.198435555555555,121.38666,31.19175,121.384901
HLX14B177R0003484,2025-06-29 12:07:35.922,31.200790833333333,121.3854463888889,31.193682,121.403694
HLX14B177R0003484,2025-06-29 12:08:43.946,31.200790833333333,121.3854463888889,31.193743652361324,121.40311405062673
HLX14B177R0003484,2025-06-29 12:24:09.024,31.193892777777776,121.40318888888888,31.243627,121.325915
HLX14B177R0003484,2025-06-29 12:37:38.787,31.204595,121.37920222222222,31.165584,121.498994
HLX14B177R0003484,2025-06-29 13:14:00.095,31.165243333333333,121.49888527777776,31.200354785241064,121.38554424047469
HLX14B177R0003484,2025-06-29 13:44:08.968,31.199146666666667,121.3854411111111,31.193744,121.403114
HLX14B177R0003484,2025-06-29 13:57:13.659,31.193916666666667,121.40309833333332,31.243627,121.325915
HLX14B177R0003484,2025-06-30 00:51:47.760,31.24523611111111,121.32428972222222,31.170989474429952,121.40839532017704
HLX14B177R0003484,2025-06-30 01:20:12.254,31.246724722222226,121.32662472222222,31.170989474429952,121.40839532017704
HLX14B177R0003484,2025-06-30 03:27:04.872,31.170749722222222,121.40844444444444,31.200354785241064,121.38554424047469
HLX14B177R0003484,2025-06-30 03:48:52.893,31.20078861111111,121.38544222222222,31.188273,121.394861
HLX14B177R0003484,2025-06-30 06:02:24.858,31.18814,121.39503111111112,31.170989474429952,121.40839532017704
HLX14B177R0003484,2025-06-30 08:20:02.247,31.17070194444445,121.40844305555557,31.200354785241064,121.38554424047469
HLX14B177R0003484,2025-06-30 10:31:39.592,31.20063805555555,121.38543277777778,31.209086,121.370278
HLX14B177R0003484,2025-06-30 11:28:53.838,31.208603888888888,121.37001305555556,31.200354785241064,121.38554424047469
HLX14B177R0003484,2025-06-30 11:44:41.673,31.20076361111111,121.38545777777776,31.243627,121.325915
HLX14B177R0003484,2025-07-01 00:22:18.800,31.245556944444445,121.32475583333331,31.200354785241064,121.38554424047469
HLX14B177R0003484,2025-07-01 01:17:55.429,31.200801944444443,121.38545694444444,31.170989474429952,121.40839532017704
HLX14B177R0003484,2025-07-01 04:47:40.768,31.171620277777777,121.40843111111111,31.200354785241064,121.38554424047469
HLX14B177R0003484,2025-07-01 05:50:19.507,31.200768333333333,121.38545583333334,31.170989474429952,121.40839532017704
HLX14B177R0003484,2025-07-01 08:21:23.428,31.170844444444445,121.40817722222222,31.193682,121.403694
HLX14B177R0003484,2025-07-01 08:21:29.991,31.171086666666667,121.40820527777778,31.193744,121.403114
HLX14B177R0003484,2025-07-01 08:39:01.926,31.193896388888888,121.40317583333334,31.200354785241064,121.38554424047469
HLX14B177R0003484,2025-07-01 10:04:25.123,31.197611944444443,121.3844838888889,31.200354785241064,121.38554424047469
HLX14B177R0003484,2025-07-01 10:16:22.156,31.2005925,121.385485,31.170989474429952,121.40839532017704
HLX14B177R0003484,2025-07-01 10:37:13.144,31.170714166666667,121.40846,31.200354785241064,121.38554424047469
HLX14B177R0003484,2025-07-01 12:03:49.017,31.200797777777776,121.38544,31.193744,121.403114
HLX14B177R0003484,2025-07-01 12:18:44.366,31.19387111111111,121.40327111111112,31.242478,121.328204
HLX14B177R0003484,2025-07-01 23:26:52.823,31.2461675,121.32564638888888,31.200354785241064,121.38554424047469
HLX14B177R0003484,2025-07-01 23:55:20.083,31.200791388888888,121.38544611111112,31.149274,121.803911
HLX14B177R0003484,2025-07-02 00:02:28.360,31.200779722222222,121.38545111111112,31.149274,121.803911
HLX14B177R0003484,2025-07-02 01:41:53.143,31.149798333333333,121.80491166666668,31.161431,121.401738
HLX14B177R0003484,2025-07-05 01:21:59.853,31.176351666666665,121.40886333333331,31.200354785241064,121.38554424047469
HLX14B177R0003484,2025-07-05 01:29:29.049,31.199105,121.39257638888888,31.149274,121.803911
HLX14B177R0003484,2025-07-05 03:19:52.343,31.198976666666667,121.38563777777776,31.161431,121.401738
HLX14B177R0003484,2025-07-05 03:39:19.033,31.170203333333333,121.40760027777776,31.151595,121.80417
HLX14B177R0003484,2025-07-05 05:44:12.065,31.149898333333333,121.80440055555556,31.153778,121.43657
HLX14B177R0003484,2025-07-05 06:27:43.153,31.1534825,121.43607305555555,31.200354785241064,121.38554424047469
HLX14B177R0003484,2025-07-05 06:57:07.043,31.200450833333335,121.38529555555556,31.153778,121.43657
HLX14B177R0003484,2025-07-05 08:13:32.163,31.153569166666667,121.43616444444444,31.200354785241064,121.38554424047469
HLX14B177R0003484,2025-07-05 08:44:55.931,31.20107611111111,121.38532833333332,31.243627,121.325915
HLX14B177R0003484,2025-07-06 00:46:46.399,31.247974444444445,121.33015861111112,31.198287,121.385048
HLX14B177R0003484,2025-07-06 02:06:06.916,31.19772111111111,121.3844575,31.247026,121.490401
HLX14B177R0003484,2025-07-06 02:32:22.282,31.24675,121.49001611111112,31.198287,121.385048
HLX14B177R0003484,2025-07-06 04:07:07.117,31.197677777777777,121.38458277777778,31.243627,121.325915
HLX14B177R0003484,2025-07-06 06:05:56.123,31.244912777777778,121.32386916666668,31.200354785241064,121.38554424047469
HLX14B177R0003484,2025-07-06 06:37:36.578,31.200786944444445,121.38544805555556,31.201283,121.46724
HLX14B177R0003484,2025-07-06 07:03:28.840,31.200786944444445,121.38544805555556,31.266805,121.431316
HLX14B177R0003484,2025-07-06 08:06:32.832,31.26617111111111,121.43140194444445,31.217137,121.460311
HLX14B177R0003484,2025-07-06 08:40:09.040,31.21457,121.46225222222222,31.21713693432531,121.46031081676485
HLX14B177R0003484,2025-07-06 08:57:37.828,31.216718333333333,121.459975,31.200354785241064,121.38554424047469
HLX14B177R0003484,2025-07-06 10:08:38.739,31.2007975,121.38544361111111,31.247026,121.490401
HLX14B177R0003484,2025-07-06 12:29:12.637,31.24693694444445,121.49001888888888,31.225337,121.480983
HLX14B177R0003484,2025-07-06 13:32:57.318,31.246758055555556,121.49034305555556,31.225431,121.480842
HLX14B177R0003484,2025-07-06 13:34:16.739,31.246771111111112,121.49032305555556,31.217808,121.470167
HLX14B177R0003484,2025-07-06 15:27:56.079,31.21843972222222,121.46971083333334,31.200354785241064,121.38554424047469
HLX14B177R0003484,2025-07-06 15:49:17.298,31.20076638888889,121.38545638888888,31.243627,121.325915
HLX14B177R0003484,2025-07-07 01:05:28.869,31.245048333333333,121.32401777777778,31.170989474429952,121.40839532017704
HLX14B177R0003484,2025-07-07 05:03:21.572,31.17158111111111,121.4082475,31.200354785241064,121.38554424047469
HLX14B177R0003484,2025-07-07 05:29:19.868,31.200803611111112,121.38543805555555,31.170989474429952,121.40839532017704
HLX14B177R0003484,2025-07-07 08:41:33.819,31.170696111111113,121.40844305555557,31.200354785241064,121.38554424047469
HLX14B177R0003484,2025-07-07 10:29:05.296,31.199831666666668,121.38440861111113,31.243627,121.325915
HLX14B177R0003484,2025-07-08 00:17:55.110,31.246690277777777,121.32646722222222,31.200354785241064,121.38554424047469
HLX14B177R0003484,2025-07-08 00:51:37.698,31.200781666666668,121.38544694444444,31.170989474429952,121.40839532017704
HLX14B177R0003484,2025-07-08 04:05:31.052,31.17125,121.4081463888889,31.200354785241064,121.38554424047469
HLX14B177R0003484,2025-07-08 05:15:15.708,31.200776666666663,121.38544694444444,31.170989474429952,121.40839532017704
HLX14B177R0003484,2025-07-08 08:32:21.685,31.170703888888887,121.40844111111112,31.198287,121.385048
HLX14B177R0003484,2025-07-08 11:08:31.988,31.19762111111111,121.38448166666667,31.209086,121.370279
HLX14B177R0003484,2025-07-08 11:54:16.161,31.207683888888887,121.3692761111111,31.243627,121.325915
HLX14B177R0003484,2025-07-09 00:25:19.866,31.244981944444444,121.32391944444444,31.200354785241064,121.38554424047469
HLX14B177R0003484,2025-07-09 01:15:56.733,31.200785833333335,121.38544861111112,31.170989474429952,121.40839532017704
HLX14B177R0003484,2025-07-09 04:32:00.641,31.170806666666667,121.40818472222222,31.200354785241064,121.38554424047469
HLX14B177R0003484,2025-07-09 05:26:42.134,31.200806666666665,121.38543527777776,31.170989474429952,121.40839532017704
HLX14B177R0003484,2025-07-09 10:35:23.071,31.170706111111112,121.40844111111112,31.200354785241064,121.38554424047469
HLX14B177R0003484,2025-07-09 10:59:12.711,31.200810833333332,121.38543805555555,31.180766,121.463869
HLX14B177R0003484,2025-07-09 11:12:04.096,31.200810833333332,121.38543805555555,31.160805,121.465005
HLX14B177R0003484,2025-07-09 13:24:51.872,31.161714166666663,121.46568583333334,31.200354785241064,121.38554424047469
HLX14B177R0003484,2025-07-09 13:50:21.272,31.200779166666667,121.38545111111112,31.243627,121.325915
HLX14B177R0003484,2025-07-10 00:09:27.875,31.24664138888889,121.32630888888887,31.170989474429952,121.40839532017704
HLX14B177R0003484,2025-07-10 01:12:48.776,31.177198333333333,121.40870277777778,31.200354785241064,121.38554424047469
HLX14B177R0003484,2025-07-10 04:59:57.309,31.20079861111111,121.38543916666669,31.170989474429952,121.40839532017704
HLX14B177R0003484,2025-07-10 09:43:35.978,31.17069888888889,121.40843694444445,31.195775,121.394379
HLX14B177R0003484,2025-07-10 10:14:14.956,31.195576111111112,121.39478194444445,31.200354785241064,121.38554424047469
HLX14B177R0003484,2025-07-10 10:26:32.580,31.195576111111112,121.39478194444445,31.221808,121.535558
HLX14B177R0003484,2025-07-10 11:52:29.819,31.221580833333334,121.53508833333332,31.200354785241064,121.38554424047469
HLX14B177R0003484,2025-07-10 13:02:52.851,31.221708888888887,121.53535222222222,31.229834,121.462379
HLX14B177R0003484,2025-07-10 13:27:03.019,31.230038611111112,121.4620011111111,31.229834,121.462379
HLX14B177R0003484,2025-07-10 14:17:07.592,31.229893611111113,121.46200472222222,31.232631,121.491282
HLX14B177R0003484,2025-07-10 14:28:13.700,31.2328325,121.49128472222222,31.229834,121.462379
HLX14B177R0003484,2025-07-10 14:45:04.545,31.228433055555556,121.46281694444444,31.200354785241064,121.38554424047469
HLX14B177R0003484,2025-07-10 15:04:45.292,31.20077472222222,121.38545305555556,31.243627,121.325915
HLX14B177R0003484,2025-07-11 00:21:42.133,31.24418805555555,121.32381388888888,31.200354785241064,121.38554424047469
HLX14B177R0003484,2025-07-11 01:00:02.716,31.20078638888889,121.38544833333331,31.170989474429952,121.40839532017704
HLX14B177R0003484,2025-07-11 04:14:04.163,31.17070805555555,121.40845305555555,31.200354785241064,121.38554424047469
HLX14B177R0003484,2025-07-11 05:22:54.477,31.200801388888888,121.38543833333334,31.170989474429952,121.40839532017704
HLX14B177R0003484,2025-07-11 10:36:58.680,31.171628333333334,121.4084875,31.200354785241064,121.38554424047469
HLX14B177R0003484,2025-07-11 11:12:25.914,31.20021861111111,121.38512138888888,31.243627,121.325915
HLX14B177R0003484,2025-07-12 00:07:19.713,31.244833611111112,121.32391972222224,31.144036,121.628911
HLX14B177R0003484,2025-07-12 01:16:00.909,31.14307277777778,121.62756222222222,31.243627,121.325915
HLX14B177R0003484,2025-07-12 02:39:50.480,31.170612777777777,121.39814444444444,31.243627,121.325915
HLX14B177R0003484,2025-07-12 09:08:32.176,31.244865,121.3238925,31.200354785241064,121.38554424047469
HLX14B177R0003484,2025-07-12 09:57:19.791,31.200788888888887,121.38544722222224,31.182841,121.438317
HLX14B177R0003484,2025-07-12 11:24:35.294,31.18141222222222,121.43604,31.177308,121.441179
HLX14B177R0003484,2025-07-12 13:40:07.830,31.17715777777778,121.4422325,31.183243,121.437549
HLX14B177R0003484,2025-07-12 13:45:18.434,31.182779166666663,121.43653861111112,31.200354785241064,121.38554424047469
HLX14B177R0003484,2025-07-12 13:46:27.992,31.18743388888889,121.43703416666666,31.206684,121.386231
HLX14B177R0003484,2025-07-12 14:04:11.704,31.20641527777778,121.38709361111113,31.243627,121.325915
HLX14B177R0003484,2025-07-14 00:07:18.952,31.242615833333332,121.32389388888888,31.200354785241064,121.38554424047469
HLX14B177R0003484,2025-07-14 01:44:46.435,31.194779722222226,121.38801638888889,31.170989474429952,121.40839532017704
HLX14B177R0003484,2025-07-14 02:18:43.318,31.171717222222224,121.40896083333334,31.200354785241064,121.38554424047469
HLX14B177R0003484,2025-07-14 03:03:37.767,31.20076611111111,121.38545083333334,31.206259,121.393417
HLX14B177R0003484,2025-07-14 03:22:41.099,31.206138055555556,121.39330583333332,31.200354785241064,121.38554424047469
HLX14B177R0003484,2025-07-14 05:16:11.699,31.200795,121.38543805555555,31.170989474429952,121.40839532017704
HLX14B177R0003484,2025-07-15 00:17:15.006,31.24398777777778,121.32235777777778,31.200354785241064,121.38554424047469
HLX14B177R0003484,2025-07-15 00:58:39.565,31.20078527777778,121.38544861111112,31.170989474429952,121.40839532017704
HLX14B177R0003484,2025-07-15 03:42:23.400,31.171648333333337,121.40867972222222,31.200354785241064,121.38554424047469
HLX14B177R0003484,2025-07-15 04:23:37.026,31.19528111111111,121.38808944444445,31.200354785241064,121.38554424047469
HLX14B177R0003484,2025-07-15 05:54:08.851,31.200801666666667,121.38543916666669,31.170661,121.369193
HLX14B177R0003484,2025-07-15 09:33:04.209,31.17007388888889,121.36950027777776,31.200354785241064,121.38554424047469
HLX14B177R0003484,2025-07-15 09:59:56.636,31.20082138888889,121.38543361111113,31.243627,121.325915
HLX14B177R0003484,2025-07-16 00:25:42.755,31.244578611111113,121.32331777777776,31.200354785241064,121.38554424047469
HLX14B177R0003484,2025-07-16 01:11:34.236,31.200780277777778,121.38545083333334,31.200354785241064,121.38554424047469
HLX14B177R0003484,2025-07-16 05:10:14.621,31.200826944444444,121.38542805555556,31.170989474429952,121.40839532017704
HLX14B177R0003484,2025-07-16 10:37:46.374,31.171211666666668,121.40817583333332,31.200354785241064,121.38554424047469
HLX14B177R0003484,2025-07-16 10:55:54.829,31.200788888888887,121.38544194444444,31.185411,121.368632
HLX14B177R0003484,2025-07-16 11:12:54.066,31.18538694444445,121.36863833333334,31.243627,121.325915
HLX14B177R0003484,2025-07-17 00:15:29.526,31.245808888888888,121.3251275,31.200354785241064,121.38554424047469
HLX14B177R0003484,2025-07-17 01:06:19.332,31.200780277777778,121.38545083333334,31.170989474429952,121.40839532017704
HLX14B177R0003484,2025-07-17 01:36:39.696,31.200780277777778,121.38545083333334,31.201283,121.46724
HLX14B177R0003484,2025-07-17 01:40:47.847,31.200780277777778,121.38545083333334,31.214887,121.474901
HLX14B177R0003484,2025-07-17 03:43:34.922,31.200689444444443,121.38547055555556,31.201283,121.46724
HLX14B177R0003484,2025-07-17 04:37:04.812,31.201068055555556,121.46709194444443,31.200354785241064,121.38554424047469
HLX14B177R0003484,2025-07-17 04:58:11.781,31.2009925,121.46709416666668,31.170989474429952,121.40839532017704
HLX14B177R0003484,2025-07-17 10:11:32.984,31.17071888888889,121.408455,31.200354785241064,121.38554424047469
HLX14B177R0003484,2025-07-17 11:13:57.407,31.201283055555557,121.38524305555556,31.243627,121.325915
HLX14B177R0003484,2025-07-18 00:30:09.727,31.244003888888887,121.32186888888889,31.200354785241064,121.38554424047469
HLX14B177R0003484,2025-07-18 01:16:29.059,31.200783333333337,121.38544944444445,31.170989474429952,121.40839532017704
HLX14B177R0003484,2025-07-18 03:37:16.953,31.170703888888887,121.40844888888888,31.200354785241064,121.38554424047469
HLX14B177R0003484,2025-07-18 03:56:24.659,31.19823277777778,121.38760416666666,31.170989474429952,121.40839532017704
HLX14B177R0003484,2025-07-18 09:34:53.758,31.17071111111111,121.40847194444444,31.200354785241064,121.38554424047469
HLX14B177R0003484,2025-07-18 11:49:44.065,31.2098925,121.34849666666666,31.200354785241064,121.38554424047469
HLX14B177R0003484,2025-07-18 12:14:44.706,31.197696666666666,121.38446333333331,31.243627,121.325915
HLX14B177R0003484,2025-07-21 00:22:53.000,31.245310555555555,121.32439611111111,31.200354785241064,121.38554424047469
HLX14B177R0003484,2025-07-21 01:24:21.366,31.200791111111112,121.3854463888889,31.170989474429952,121.40839532017704
HLX14B177R0003484,2025-07-21 03:44:25.546,31.200780277777778,121.38545083333334,31.170989,121.408396
HLX14B177R0003484,2025-07-21 06:41:18.244,31.170723333333335,121.40846194444444,31.200354785241064,121.38554424047469
HLX14B177R0003484,2025-07-21 07:05:03.830,31.19636277777778,121.38737944444443,31.170989474429952,121.40839532017704
HLX14B177R0003484,2025-07-21 10:33:13.551,31.17264388888889,121.40962083333334,31.200354785241064,121.38554424047469
HLX14B177R0003484,2025-07-21 10:49:21.395,31.19886361111111,121.38617611111113,31.243627,121.325915
HLX14B177R0003484,2025-07-22 00:17:16.895,31.244022222222224,121.32215972222222,31.200354785241064,121.38554424047469
HLX14B177R0003484,2025-07-22 01:21:31.051,31.200766666666667,121.38545638888888,31.170989474429952,121.40839532017704
HLX14B177R0003484,2025-07-22 03:32:33.909,31.179198888888887,121.40822194444443,31.200354785241064,121.38554424047469
HLX14B177R0003484,2025-07-22 03:51:14.725,31.20078861111111,121.38544305555556,31.188273,121.394861
HLX14B177R0003484,2025-07-22 06:29:28.596,31.187896666666667,121.39485083333334,31.200354785241064,121.38554424047469
HLX14B177R0003484,2025-07-22 06:39:43.002,31.200046666666665,121.38504055555556,31.170989474429952,121.40839532017704
HLX14B177R0003484,2025-07-22 09:05:29.918,31.177900277777777,121.40856916666668,31.200354785241064,121.38554424047469
HLX14B177R0003484,2025-07-22 12:07:26.564,31.1974875,121.38462666666666,31.243627,121.325915
HLX14B177R0003484,2025-07-23 00:25:21.890,31.244093888888887,121.32206,31.200354785241064,121.38554424047469
HLX14B177R0003484,2025-07-23 01:13:23.824,31.2007875,121.38544305555556,31.170989474429952,121.40839532017704
HLX14B177R0003484,2025-07-23 04:05:06.365,31.170711944444445,121.40846694444444,31.200354785241064,121.38554424047469
HLX14B177R0003484,2025-07-23 07:08:08.553,31.197493055555555,121.3847886111111,31.200354785241064,121.38554424047469
HLX14B177R0003484,2025-07-23 07:38:04.295,31.20079888888889,121.38543694444444,31.170989474429952,121.40839532017704
HLX14B177R0003484,2025-07-23 08:00:42.310,31.170722777777776,121.40776027777778,31.163331,121.38899
HLX14B177R0003484,2025-07-23 08:11:06.186,31.16327638888889,121.38770944444444,31.170989474429952,121.40839532017704
HLX14B177R0003484,2025-07-23 10:05:38.310,31.170705277777778,121.408465,31.200354785241064,121.38554424047469
HLX14B177R0003484,2025-07-23 11:28:23.200,31.20384888888889,121.38066055555556,31.243627,121.325915
HLX14B177R0003484,2025-07-24 00:07:42.208,31.24539777777778,121.32452166666668,31.170989474429952,121.40839532017704
HLX14B177R0003484,2025-07-24 01:13:55.426,31.17072888888889,121.40826555555556,31.198287,121.385048
HLX14B177R0003484,2025-07-24 04:50:45.634,31.200795,121.38544,31.170989474429952,121.40839532017704
HLX14B177R0003484,2025-07-24 09:56:39.423,31.170703888888887,121.408445,31.200354785241064,121.38554424047469
HLX14B177R0003484,2025-07-24 10:37:38.799,31.170703888888887,121.408445,31.200354785241064,121.38554424047469
HLX14B177R0003484,2025-07-24 10:55:24.688,31.2007875,121.38544416666667,31.247016,121.490449
HLX14B177R0003484,2025-07-24 13:22:43.781,31.246704722222223,121.49010833333334,31.200354785241064,121.38554424047469
HLX14B177R0003484,2025-07-24 13:52:09.026,31.204685,121.37897194444444,31.243627,121.325915
HLX14B177R0003484,2025-07-25 00:26:15.780,31.24482,121.32377666666666,31.200354785241064,121.38554424047469
HLX14B177R0003484,2025-07-25 01:25:00.469,31.200806944444444,121.38543972222222,31.170989474429952,121.40839532017704
HLX14B177R0003484,2025-07-25 04:04:59.462,31.170703888888887,121.40845888888887,31.200354785241064,121.38554424047469
HLX14B177R0003484,2025-07-25 05:32:54.985,31.200783333333337,121.38544972222222,31.170989474429952,121.40839532017704
HLX14B177R0003484,2025-07-25 06:17:29.011,31.193036111111113,121.38896444444444,31.163331,121.38899
HLX14B177R0003484,2025-07-25 09:36:27.298,31.163186944444444,121.38885388888887,31.200354785241064,121.38554424047469
HLX14B177R0003484,2025-07-25 10:15:07.676,31.206554722222226,121.37463444444444,31.243627,121.325915
HLX14B177R0003484,2025-07-26 02:38:10.060,31.24240805555555,121.32828694444444,31.170989474429952,121.40839532017704
HLX14B177R0003484,2025-07-26 04:25:14.756,31.171677777777777,121.40876305555555,31.200354785241064,121.38554424047469
HLX14B177R0003484,2025-07-26 05:19:57.186,31.20080111111111,121.38543694444444,31.170989474429952,121.40839532017704
HLX14B177R0003484,2025-07-26 09:57:57.362,31.170696111111113,121.40844694444444,31.201729035278124,121.42984226346016
HLX14B177R0003484,2025-07-26 10:21:39.419,31.20163972222222,121.42254111111112,31.201729035278124,121.42984226346016
HLX14B177R0003484,2025-07-26 10:42:32.724,31.20566861111111,121.42371083333332,31.201729035278124,121.42984226346016
HLX14B177R0003484,2025-07-26 12:39:05.816,31.19929611111111,121.4258925,31.201729035278124,121.42984226346016
HLX14B177R0003484,2025-07-26 12:44:38.553,31.2016875,121.43000777777776,31.200354785241064,121.38554424047469
HLX14B177R0003484,2025-07-26 13:08:44.317,31.208081666666665,121.37302666666666,31.243627,121.325915
HLX14B177R0003484,2025-07-27 03:17:40.744,31.242793333333335,121.32389972222222,31.170989474429952,121.40839532017704
HLX14B177R0003484,2025-07-27 04:16:43.414,31.170955833333338,121.40821055555556,31.139752,121.660618
HLX14B177R0003484,2025-07-27 04:52:23.152,31.1833775,121.58095527777778,31.236589,121.501231
HLX14B177R0003484,2025-07-27 05:24:08.375,31.235981111111112,121.50142472222224,31.252026,121.484554
HLX14B177R0003484,2025-07-27 05:46:05.465,31.251796111111112,121.48445416666668,31.252933,121.494134
HLX14B177R0003484,2025-07-27 06:17:59.725,31.25164611111111,121.486985,31.252933,121.494134
HLX14B177R0003484,2025-07-27 08:13:15.014,31.25305361111111,121.49414944444445,31.243627,121.325915
HLX14B177R0003484,2025-07-28 00:24:38.193,31.24419361111111,121.32260555555555,31.200354785241064,121.38554424047469
HLX14B177R0003484,2025-07-28 01:27:22.635,31.200787777777776,121.3854475,31.170989474429952,121.40839532017704
HLX14B177R0003484,2025-07-28 04:18:07.473,31.1717575,121.40908277777778,31.200354785241064,121.38554424047469
HLX14B177R0003484,2025-07-28 05:23:29.060,31.200806944444444,121.38543694444444,31.170989474429952,121.40839532017704
HLX14B177R0003484,2025-07-28 09:38:47.809,31.170698055555555,121.40844694444444,31.201729035278124,121.42984226346016
HLX14B177R0003484,2025-07-28 11:19:28.710,31.201740277777777,121.42089583333332,31.201729035278124,121.42984226346016
HLX14B177R0003484,2025-07-28 14:05:12.078,31.201769444444444,121.43002416666668,31.200354785241064,121.38554424047469
HLX14B177R0003484,2025-07-28 14:20:41.718,31.202112777777774,121.384755,31.243627,121.325915
HLX14B177R0003484,2025-07-29 00:30:58.175,31.24655027777778,121.32621916666666,31.200354785241064,121.38554424047469
HLX14B177R0003484,2025-07-29 01:22:38.745,31.200796666666665,121.38544388888889,31.170989474429952,121.40839532017704
HLX14B177R0003484,2025-07-29 04:08:13.284,31.171612777777774,121.40844833333334,31.188273,121.394861
HLX14B177R0003484,2025-07-29 06:27:53.527,31.188166944444443,121.39505333333334,31.200354785241064,121.38554424047469
HLX14B177R0003484,2025-07-29 06:37:10.003,31.199128055555555,121.38546277777778,31.170989474429952,121.40839532017704
HLX14B177R0003484,2025-07-29 08:26:11.165,31.17089027777778,121.40817305555557,31.198287,121.385048
HLX14B177R0003484,2025-07-29 11:07:25.953,31.1983475,121.38969083333332,31.200354785241064,121.38554424047469
HLX14B177R0003484,2025-07-29 11:15:09.784,31.200787777777776,121.38544,31.188273,121.394861
HLX14B177R0003484,2025-07-29 14:17:42.023,31.188273055555555,121.395235,31.200354785241064,121.38554424047469
HLX14B177R0003484,2025-07-29 14:26:55.087,31.203710277777777,121.38085027777778,31.243627,121.325915
HLX14B177R0003484,2025-07-30 00:25:17.883,31.244858055555557,121.32379611111112,31.170989474429952,121.40839532017704
HLX14B177R0003484,2025-07-30 04:23:33.246,31.171255833333333,121.4093738888889,31.200354785241064,121.38554424047469
HLX14B177R0003484,2025-07-30 04:44:30.160,31.20080111111111,121.3854361111111,31.170989474429952,121.40839532017704
HLX14B177R0003484,2025-07-30 06:02:17.987,31.171723888888888,121.40897694444445,31.190636,121.438482
HLX14B177R0003484,2025-07-30 06:29:25.467,31.19062,121.43945388888888,31.170989474429952,121.40839532017704
HLX14B177R0003484,2025-07-30 08:00:23.356,31.1683625,121.40666166666666,31.162361,121.386691
HLX14B177R0003484,2025-07-30 08:06:51.717,31.163111666666666,121.38771055555556,31.170989474429952,121.40839532017704
HLX14B177R0003484,2025-07-30 09:44:12.272,31.170713055555556,121.4084911111111,31.174979,121.363862
HLX14B177R0003484,2025-07-30 13:49:29.889,31.17504111111111,121.363975,31.200354785241064,121.38554424047469
HLX14B177R0003484,2025-07-31 00:07:54.997,31.244896666666666,121.32379138888888,31.170989474429952,121.40839532017704
HLX14B177R0003484,2025-07-31 05:58:10.430,31.170706111111112,121.4084838888889,31.090063,121.444469
HLX14B177R0003484,2025-08-03 09:06:33.068,31.089812777777777,121.44411444444444,31.200354785241064,121.38554424047469
HLX14B177R0003484,2025-08-03 09:17:08.239,31.146032777777776,121.4094986111111,31.170989474429952,121.40839532017704
HLX14B177R0003484,2025-08-03 09:58:59.294,31.17075305555555,121.408355,31.209086,121.370279
HLX14B177R0003484,2025-08-04 00:23:58.692,31.244116388888887,121.32252111111112,31.200354785241064,121.38554424047469
HLX14B177R0003484,2025-08-04 01:31:48.390,31.20078527777778,121.38544861111112,31.170989474429952,121.40839532017704
HLX14B177R0003484,2025-08-04 05:03:37.261,31.170705,121.4085,31.200354785241064,121.38554424047469
HLX14B177R0003484,2025-08-04 06:20:37.953,31.200806944444444,121.38552111111112,31.170989474429952,121.40839532017704
HLX14B177R0003484,2025-08-04 07:25:10.260,31.200306666666663,121.3851875,31.207142101447197,121.4310640096664
HLX14B177R0003484,2025-08-04 09:25:28.605,31.207210555555555,121.43087083333332,31.200354785241064,121.38554424047469
HLX14B177R0003484,2025-08-04 09:26:35.963,31.207221944444445,121.43087611111112,31.170989474429952,121.40839532017704
HLX14B177R0003484,2025-08-04 11:03:24.070,31.1707,121.4084338888889,31.200354785241064,121.38554424047469
HLX14B177R0003484,2025-08-04 11:35:49.853,31.200746111111112,121.38543805555555,31.182356,121.388634
HLX14B177R0003484,2025-08-04 11:46:04.458,31.182290277777778,121.38863666666668,31.209086,121.370279
HLX14B177R0003484,2025-08-05 00:29:30.304,31.244756944444443,121.32358694444444,31.200354785241064,121.38554424047469
HLX14B177R0003484,2025-08-05 01:33:32.313,31.200806944444444,121.38551805555556,31.170989474429952,121.40839532017704
HLX14B177R0003484,2025-08-05 04:56:01.370,31.171154722222223,121.40938111111112,31.200354785241064,121.38554424047469
HLX14B177R0003484,2025-08-05 11:07:16.132,31.19749388888889,121.38474638888889,31.24073,121.488124
HLX14B177R0003484,2025-08-05 13:15:52.870,31.24270388888889,121.488345,31.200354785241064,121.38554424047469
HLX14B177R0003484,2025-08-06 00:33:58.745,31.24433972222222,121.3229125,31.200354785241064,121.38554424047469
HLX14B177R0003484,2025-08-06 01:13:21.575,31.198661666666663,121.38600166666669,31.170989474429952,121.40839532017704
HLX14B177R0003484,2025-08-06 04:16:19.531,31.17560361111111,121.40900666666668,31.200354785241064,121.38554424047469
HLX14B177R0003484,2025-08-06 06:35:08.872,31.197037777777776,121.38458111111112,31.170989474429952,121.40839532017704
HLX14B177R0003484,2025-08-06 10:10:33.602,31.170703055555556,121.40844694444444,31.188273,121.394861
HLX14B177R0003484,2025-08-06 13:27:33.737,31.18824972222222,121.3951213888889,31.200354785241064,121.38554424047469
HLX14B177R0003484,2025-08-07 00:16:51.036,31.24477472222222,121.3236125,31.198287,121.385048
HLX14B177R0003484,2025-08-07 04:50:19.773,31.200995,121.38536,31.170989474429952,121.40839532017704
HLX14B177R0003484,2025-08-07 10:19:32.467,31.170706944444444,121.40845194444444,31.200354785241064,121.38554424047469
HLX14B177R0003484,2025-08-07 10:46:13.719,31.198586111111112,121.38608888888888,31.243627,121.325915
HLX14B177R0003484,2025-08-08 00:26:34.419,31.244426944444445,121.3230763888889,31.200354785241064,121.38554424047469
HLX14B177R0003484,2025-08-08 01:25:32.440,31.200805,121.38548888888889,31.170989474429952,121.40839532017704
HLX14B177R0003484,2025-08-08 03:59:54.455,31.17071111111111,121.40846805555556,31.200354785241064,121.38554424047469
HLX14B177R0003484,2025-08-08 04:39:55.219,31.200724444444443,121.38547388888888,31.23651,121.447438
HLX14B177R0003484,2025-08-08 07:32:05.566,31.24065638888889,121.44849527777778,31.23651,121.447438
HLX14B177R0003484,2025-08-08 09:15:36.912,31.23809,121.44676305555556,31.200354785241064,121.38554424047469
HLX14B177R0003484,2025-08-08 09:49:31.333,31.198402777777776,121.3872986111111,31.170989474429952,121.40839532017704
HLX14B177R0003484,2025-08-08 10:16:11.595,31.170713055555556,121.40847,31.201729,121.429842
HLX14B177R0003484,2025-08-08 10:53:37.217,31.20066611111111,121.42982777777776,31.243627,121.325915
HLX14B177R0003484,2025-08-09 03:30:32.958,31.245010277777777,121.32396222222222,31.200354785241064,121.38554424047469
HLX14B177R0003484,2025-08-09 04:48:16.614,31.200763055555555,121.38545194444444,31.286515,121.555311
HLX14B177R0003484,2025-08-09 05:34:25.744,31.228953333333333,121.43026416666666,31.286515,121.555311
HLX14B177R0003484,2025-08-09 05:49:30.401,31.276217777777777,121.53397083333331,31.283731,121.561971
HLX14B177R0003484,2025-08-09 05:49:48.185,31.27622055555555,121.53398444444444,31.283731,121.561971
HLX14B177R0003484,2025-08-09 05:54:09.366,31.280609444444444,121.54559666666668,31.271022,121.556666
HLX14B177R0003484,2025-08-09 05:57:10.949,31.276820277777777,121.55018833333334,31.286515,121.555311
HLX14B177R0003484,2025-08-09 06:03:22.754,31.28494055555555,121.55268611111111,31.283731,121.561971
HLX14B177R0003484,2025-08-09 06:06:14.836,31.289185,121.55266361111111,31.271022,121.556667
HLX14B177R0003484,2025-08-09 06:08:34.097,31.287329166666662,121.55472666666668,31.272704489151753,121.55837809762174
HLX14B177R0003484,2025-08-09 06:15:15.657,31.274602777777776,121.5627325,31.283731,121.561971
HLX14B177R0003484,2025-08-09 06:20:45.436,31.28680138888889,121.56158222222224,31.280088,121.562466
HLX14B177R0003484,2025-08-09 06:23:13.157,31.278410277777777,121.5624025,31.280088,121.562466
HLX14B177R0003484,2025-08-09 06:39:08.062,31.272671388888888,121.5584761111111,31.277426,121.5632
HLX14B177R0003484,2025-08-09 08:21:14.685,31.277370833333332,121.56320222222222,31.200354785241064,121.38554424047469
HLX14B177R0003484,2025-08-09 09:24:43.419,31.200788888888887,121.38543,31.206133,121.440665
HLX14B177R0003484,2025-08-09 12:28:44.326,31.206473055555556,121.44056,31.200354785241064,121.38554424047469
HLX14B177R0003484,2025-08-09 14:03:58.309,31.20121805555555,121.38526972222222,31.243627,121.325915
